epoch,train_loss,val_macro_f1,val_acc
1,1.1630473410969306,0.5640434956488668,0.6968449931412894
2,0.7025029020673978,0.6454408155642845,0.7764060356652949
3,0.5503047035945272,0.7108408316345616,0.8182441700960219
4,0.41907460915533057,0.6939100359222669,0.808641975308642
5,0.33632177965502985,0.7221195178010708,0.8415637860082305
6,0.27551315576173135,0.7106547083785496,0.8374485596707819
7,0.21662599556964726,0.723677091714397,0.8326474622770919
8,0.17296158318408358,0.7111964563825198,0.8271604938271605
9,0.13908099328042617,0.7212170097221626,0.8463648834019204
10,0.11437136525976115,0.7445294151311455,0.855281207133059
11,0.0741043456313381,0.7441660908756464,0.8566529492455418
12,0.06532615083602203,0.7271200920281317,0.8463648834019204
13,0.05364621475002843,0.7403348979229578,0.8518518518518519
14,0.05126758865769188,0.7286606525302617,0.8525377229080933
